id,name,model_id:id,group_id:id,perm_read,perm_write,perm_create,perm_unlink

access_product_tender_line,access.product.tender.line,model_product_tender_line,,1,1,1,1

access_product_request,access.product.request,model_product_request,,1,1,1,1

access_product_request_line,access.product_request_line,model_product_request_line,,1,1,1,1

access_tender_request,access.tender.request,model_tender_request,,1,1,1,1

access_tender_request_response,access.tender.request.response,model_tender_request_response,,1,1,1,1

access_tenders,access.tenders,model_tenders,,1,1,1,1

access_bidding,access.bidding,model_bidding,,1,1,1,1

access_add_to_bidding_wizard,access.add.to.bidding.wizard,model_add_to_bidding_wizard,,1,1,1,1

access_bid_request,access.bid.request,model_bid_request,,1,1,1,1

access_vendor_bid,access.vendor.bid,model_vendor_bid,,1,1,1,1

access_bidding_line,access.bidding.line,model_bidding_line,,1,1,1,1

access_bidding_vendor,access.bidding.vendor,model_bidding_vendor,,1,1,1,1

access_pr_approve_users,access.pr.approve.users,model_pr_approve_users,,1,1,1,1

access_pr_company,access.pr.company,model_pr_company,,1,1,1,1

access_res_users_line,access.res.users.line,model_res_users_line,,1,1,1,1

access_pr_approve_line,access.pr.approve.line,model_pr_approve_line,,1,1,1,1

access_product_request_budget,access.product.request.budget,model_product_request_budget,,1,1,1,1

access_deligate_user_wizard,access.deligate.user.wizard,model_deligate_user_wizard,,1,1,1,1


