<?xml version="1.0" encoding="utf-8" ?>
<odoo>
    <record model="ir.module.category" id="module_category_product">
        <field name="name">Product Request</field>
    </record>
    <record id="group_user" model="res.groups">
        <field name="name">User</field>
        <field name="category_id" ref="module_category_product"/>
    </record>
    <record id="group_initial_approval" model="res.groups">
        <field name="name">Initial Approval</field>
        <field name="category_id" ref="module_category_product"/>
    </record>
    <record id="group_second_approval" model="res.groups">
        <field name="name">Second Approval</field>
        <field name="category_id" ref="module_category_product"/>
    </record>
</odoo>